{
  "n_iter": 1000,
  "test_mae": 0.7142771959559973,
  "test_rmse": 1.8385336905373626,
  "test_r2": 0.2675822636765197,
  "test_mean_actual": 0.7353004148267095,
  "test_mean_pred": 0.6187701431335905,
  "test_zero_rate_actual": 0.7403653151344841,
  "test_zero_rate_pred": 0.6933761541549579
}